gfa,comb_add,use,ext_plan,developer,status,address,project,submarket,year,lon,lat
77100,"905 W Fulton St, 60607, Chicago, Illinois",Office,Existing,Thor,Stabilized,905 W Fulton St,Mondelez,Fulton Market,2019,-87.6501,41.8865
12000,"351 W Huron St, 60654, Chicago, Illinois",Resi,Existing,Regency,Lease Up,351 W Huron St,351 W Huron,River North,2019,-87.6377,41.8945
1504000,"131 S Dearborn St, 60603, Chicago, Illinois",Office,Existing,Prime Group,Stabilized,131 S Dearborn St,Citadel,Loop,2003,-87.629,41.8797
698000,"340 N Orleans St, 60654, Chicago, Illinois",Resi,Existing,Magellan / Kennedy / Hines,Lease Up,340 N Orleans St,WPE,River North,2019,-87.6365,41.8878
405000,"1140 N Wells St, 60610, Chicago, Illinois",Resi,Existing,Onni,Stabilized,1140 N Wells St,OldTown Park - PH I,Near North,2018,-87.6349,41.9036
503000,"201 N Columbus Dr, 60601, Chicago, Illinois",Resi,Existing,Magellan / LendLease,Construction,201 N Columbus Dr,Cascade,Lakeshore East,2023,-87.615,41.8854
134000,"30 E Balbo Av, 60605, Chicago, Illinois",Resi,Existing,Gibane Company,Stabilized,30 E Balbo Av,30 East,South Loop,2019,-87.6265,41.8733
608000,"1045 W Randolph St, 60607, Chicago, Illinois",Office,Existing,SBC,Stabilized,1045 W Randolph St,McDonalds,Fulton Market,2018,-87.6539,41.8837
171000,"747 N Wabash Ave, 60611, Chicago, Illinois",Resi,Existing,McCaffery,Stabilized,747 N Wabash Ave,Bernardin,Gold Coast,2005,-87.6269,41.8964
298000,"720 N LaSalle Dr, 60654, Chicago, Illinois",Resi,Existing,Magellan,Stabilized,720 N LaSalle Dr,Exhibit,River North,2017,-87.634,41.8954
264000,"205 S Peoria St, 60607, Chicago, Illinois",Resi,Existing,White Oak / Crayton,Stabilized,205 S Peoria St,Milleau,Far West Loop,2019,-87.6494,41.8788
1373754,"1 N Wacker Dr, 60606, Chicago, Illinois",Office,Existing,TJBC,Stabilized,1 N Wacker Dr,UBS,West Loop,2001,-87.6363,41.8823
249000,"161 W Kinzie St, 60654, Chicago, Illinois",Resi,Existing,Lynd Co.,Stabilized,161 W Kinzie St,EnV,River North,2010,-87.6336,41.8889
261000,"609 W North Ave, 60610, Chicago, Illinois",Resi,Existing,White Oak / CA Ventures,Construction,609 W North Ave,Father & Son,Old Town,2020,-87.6442,41.9106
138000,"9 W Walton St, 60610, Chicago, Illinois",Resi,Existing,JDL,Stabilized,9 W Walton St,Walton No 9,Gold Coast,2017,-87.6286,41.8999
387000,"215 W Washington Blvd, 60654, Chicago, Illinois",Resi,Existing,Jupiter/Met,Stabilized,215 W Washington Blvd,215 West,Loop,2010,-87.6342,41.8829
190000,"601 W Jackson Blvd, 60661, Chicago, Illinois",Resi,Existing,Moceri/Rozak,Stabilized,601 W Jackson Blvd,Jeff Jack,West Loop,2015,-87.643,41.8777
92000,"1435 W 15th St, 60608, Chicago, Illinois",Resi,Existing,Cedar St,Lease Up,1435 W 15th St,FLATS Chicago The Otis,Near West Side,2018,-87.6623,41.8614
297000,"808 N Wells St, 60654, Chicago, Illinois",Resi,Existing,Amli,Construction,808 N Wells St,808 N Wells,River North,2021,-87.6345,41.8968
176000,"30 E Adams St, 60603, Chicago, Illinois",Resi,Existing,Cedar Street,Construction,30 E Adams St,The Hartman,Loop,2019,-87.6265,41.8797
207000,"29 S LaSalle St, 60603, Chicago, Illinois",Resi,Existing,Doice Living,Construction,29 S LaSalle St,Millenium on LaSalle,Loop,2019,-87.6325,41.8812
56000,"508 W Diversey Parkway, 60614, Chicago, Illinois",Resi,Existing,Broder Prop.,Lease Up,508 W Diversey Parkway,No 508,Lakeview,2018,-87.6419,41.9332
444000,"465 N Park Dr, 60611, Chicago, Illinois",Resi,Existing,Jupiter/Met,Stabilized,465 N Park Dr,465 N Park,Streeterville,2018,-87.6196,41.8907
245000,"311 W Illinois St, 60654, Chicago, Illinois",Resi,Existing,TJBC,Stabilized,311 W Illinois St,3Eleven,River North,2018,-87.636,41.8904
300000,"1407 S Michigan Ave, 60605, Chicago, Illinois",Resi,Existing,"Russland Capital, Lendlease",Lease Up,1407 S Michigan Ave,1407 on Michigan,South Loop,2018,-87.624,41.8639
812000,"375 E Wacker Dr, 60601, Chicago, Illinois",Resi,Existing,Magellan,Construction,375 E Wacker Dr,Wanda,Streeterville,2021,-87.618,41.8876
102000,"405 N Wabash St, 60611, Chicago, Illinois",Resi,Existing,Belgravia,Stabilized,405 N Wabash St,Renelle,River North,2018,-87.627,41.8889
346000,"221 W Harrison St, 60607, Chicago, Illinois",Resi,Existing,Wood Partners,Stabilized,221 W Harrison St,Alta Grand Central,West Loop,2019,-87.6342,41.8741
60000,"233 W North Ave, 60610, Chicago, Illinois",Resi,Existing,Back Nine,Lease Up,233 W North Ave,The Northland,Old Town,2018,-87.6359,41.911
320000,"1140 S Wabash Ave, 60605, Chicago, Illinois",Resi,Existing,CA Ventures,Lease Up,1140 S Wabash Ave,Eleven40,South Loop,2018,-87.626,41.869
356000,"353 W Grand St, 60642, Chicago, Illinois",Resi,Existing,Onni,Construction,353 W Grand St,Clark & Barlow,River North,2023,-87.6373,41.8913
250000,"435 N Michigan Ave, 60611, Chicago, Illinois",Resi,Existing,Golub/CIM,Construction,435 N Michigan Ave,Trib-Condo,Streeterville,2023,-87.6221,41.8903
1490825,"71 S Wacker Dr, 60654, Chicago, Illinois",Office,Existing,Pritzker,Stabilized,71 S Wacker Dr,Hyatt,West Loop,2005,-87.636,41.8809
1065000,"444 N Lake St, 60606, Chicago, Illinois",Office,Existing,Hines,Stabilized,444 N Lake St,DLA,West Loop,2016,-87.6393,41.8862
64000,"4525 N Kenmore Ave, 60640, Chicago, Illinois",Resi,Existing,Morningside,Lease Up,4525 N Kenmore Ave,Stewart School Lofts,Uptown,2018,-87.6558,41.9644
1302901,"300 N LaSalle Dr, 60654, Chicago, Illinois",Office,Existing,Hines,Stabilized,300 N LaSalle Dr,Kirkland Ellis,River North,2009,-87.6334,41.8882
387000,"1140 N Wells St 60610, Chicago, Illinois",Resi,Existing,Onni,Construction,1140 N Wells St,OldTown Park - PH III,Near North,2022,-87.6359,41.9022
49000,"830 N Milwaukee Ave, 60642, Chicago, Illinois",Resi,Existing,Akara,Stabilized,830 N Milwaukee Ave,Linkt,River West,2017,-87.6567,41.8969
279000,"451 E Grand Ave, 60611, Chicago, Illinois",Resi,Existing,Related,Stabilized,451 E Grand Ave,One Bennett - Multi,Streeterville,2019,-87.6156,41.8919
92000,"1200 N State Street, 60610, Chicago, Illinois",Resi,Existing,Newcastle,Construction,1212 N State Street,McFadden,Gold Coast,2022,-87.629,41.9042
324000,"840 W Blackhawk St, 60642, Chicago, Illinois",Resi,Existing,Smithfield,Stabilized,840 W Blackhawk St,SoNo,Lincoln Park,2012,-87.65,41.9085
460000,"435 N Michigan Ave, 60611, Chicago, Illinois",Resi,Existing,Golub/CIM,Construction,435 N Michigan Ave,Trib - Landmark,Streeterville,2021,-87.6238,41.8903
49000,"847 N Larrabee St, 60654, Chicago, Illinois",Resi,Existing,Domus Group,Stabilized,847 N Larrabee St,847 Larrabee,Near North,2017,-87.6427,41.8981
726000,"211 N Harbor Drive, 60611, Chicago, Illinois",Resi,Existing,Magellan / LendLease,Construction,211 N Harbor Drive,Cirrus,Lakeshore East,2022,-87.6146,41.8853
509000,"340 N Orleans St, 60654, Chicago, Illinois",Resi,Existing,Magellan / Kennedy / Hines,Stabilized,340 N Orleans St,WPW,River North,2016,-87.6383,41.8876
102000,"8 E Huron St, 60611, Chicago, Illinois",Resi,Existing,CA Ventures,Stabilized,8 E Huron St,State & Huron,River North,2017,-87.6276,41.8949
38000,"1825 W Montrose Ave, 60613, Chicago, Illinois",Resi,Existing,Cedar Street,Construction,1825 W Montrose Ave,Montrose Green,Lakeview,2019,-87.6755,41.9614
199000,"1457 N Halsted St, 60642, Chicago, Illinois",Resi,Existing,Structured/Bucksbaum,Stabilized,1457 N Halsted St,New City,Lincoln Park,2015,-87.6482,41.908
138000,"2340 N California Ave, 60647, Chicago, Illinois",Resi,Existing,Savoy / Focus/ Hunt,Stabilized,2340 N California Ave,Noca Blue,Logan Square,2019,-87.6977,41.924
515000,"345 E Wacker Dr, 60601, Chicago, Illinois",Resi,Existing,Magellan,Stabilized,345 E Wacker Dr,Coast,Lakeshore East,2013,-87.6184,41.8874
70000,"811 W Fulton Market, 60607, Chicago, Illinois",Office,Existing,Shapack,Stabilized,811 W Fulton Market,811 Fulton,Fulton Market,2019,-87.6478,41.8865
52000,"128 S Laflin St, 60607, Chicago, Illinois",Resi,Existing,Michigan Ave.,Construction,128 S Laflin St,Tramco Pump,Far West Loop,2021,-87.6647,41.8792
27000,"934 N Crosby St, 60654, Chicago, Illinois",Resi,Existing,Quest Realty,Stabilized,934 N Crosby St,943 Crosby,Near North,2017,-87.6433,41.9
358000,"935 W Washington Blvd, 60607, Chicago, Illinois",Resi,Existing,ZOM Mid-Atlantic,Lease Up,935 W Washington Blvd,Union West,West Loop,2019,-87.6512,41.8828
240000,"625 W Division St, 60610, Chicago, Illinois",Resi,Existing,Gerding,Stabilized,625 W Division St,Xavier,Near North,2015,-87.6443,41.9035
2500000,"433 W Van Buren St, 60607, Chicago, Illinois",Office,Existing,601 W,Stabilized,433 W Van Buren St,Post Office,West Loop,2019,-87.63865,41.87558
473000,"540 N State St, 60654, Chicago, Illinois",Resi,Existing,Magellan,Stabilized,540 N State St,Grand Plaza,River North,2002,-87.6283,41.8921
300000,"333 N Canal Street, 60606, Chicago, Illinois",Resi,Existing,Bejco,Stabilized,333 N Canal Street,Riverbend,River West,2002,-87.6396,41.8875
452000,"726 S Wells St, 60607, Chicago, Illinois",Resi,Existing,CMK,Lease Up,726 S Wells St,Cooper,Fulton Market,2018,-87.6337,41.873
50000,"33 S Aberdeen St, 60607, Chicago, Illinois",Resi,Existing,Steven Degraff,Lease Up,33 S Aberdeen St,Monroe Aberdeen Place,Fulton Market,2018,-87.6546,41.881
120000,"215 N Peoria St, 60607, Chicago, Illinois",Office,Existing,Wislow/Julmy,Construction,215 N Peoria St,215 N Peoria,Fulton Market,2020,-87.6495,41.8861
207000,"1664 W Division St, 60622, Chicago, Illinois",Resi,Existing,Centrum,Lease Up,1664 W Division St,Wicker Park Connection,Wicker Park,2018,-87.6697,41.9035
60000,"1325 N Wells St, 60610, Chicago, Illinois",Resi,Existing,Sedgwick,Stabilized,1325 N Wells St,1325 N Wells,Old Town,2019,-87.6342,41.9065
1027683,"111 S Wacker Dr, 60606, Chicago, Illinois",Office,Existing,TJBC,Stabilized,111 S Wacker Dr,Deloitte,West Loop,2004,-87.6365,41.8803
76000,"360 W Erie St, 60654, Chicago, Illinois",Resi,Existing,Belgravia,Stabilized,360 W Erie St,Citizen Bar,River North,2019,-87.6381,41.894
315000,"1375 W Fulton Market St, 60607, Chicago, Illinois",Office,Existing,Trammel Crow,Stabilized,1375 W Fulton Market St,West End,Fulton Market,2019,-87.6618,41.8862
467000,"225 N Columbus Dr, 60601, Chicago, Illinois",Resi,Existing,Magellan,Stabilized,225 N Columbus Dr,Aqua,Lakeshore East,2009,-87.6203,41.8866
90000,"12 W Maple St, Chicago, IL 60610",Resi,Existing,Lasky/Pisor,Construction,12 W Maple St,The Shops@,Gold Coast,2021,-87.62892,41.9021
504000,"111 W Wacker Dr, 60601, Chicago, Illinois",Resi,Existing,Related,Stabilized,111 W Wacker Dr,OneEleven,Loop,2014,-87.6314,41.8865
500000,"1326 S Michigan Ave, 60605, Chicago, Illinois",Resi,Existing,CIM / Murphy,Construction,1326 S Michigan Ave,Paragon,South Loop,2019,-87.6246,41.8649
1500000,"600 W Chicago, 60654, Chicago, IL",Office,Existing,Centrum,Stabilized,600 W Chicago,600W,River North,2000,-87.643502,41.896838
105000,"710 W Grand Ave, 60654, Chicago, Illinois",Resi,Existing,Wicker Park Apts.,Stabilized,710 W Grand Ave,710 W Grand,River West,2018,-87.6464,41.8914
188000,"220 W Illinois St, 60654, Chicago, Illinois",Resi,Existing,Gerding Edlin,Stabilized,220 W Illinois St,Jones,River North,2015,-87.6352,41.891
290000,"1330 W Fulton Market, 60607, Chicago, Illinois",Office,Existing,SBC,Stabilized,1330 W Fulton Market,Fulton West,Fulton Market,2017,-87.6603,41.887
40000,"165 N Aberdeen St, 60607, Chicago, Illinois",Office,Existing,MCZ,Stabilized,165 N Aberdeen St,165 N Aberdeen,Fulton Market,2017,-87.6542,41.8853
55000,"33 South Ashland Ave, 60607, Chicago, Illinois",Resi,Existing,Michigan Ave.,Stabilized,33 S Ashland Ave,Ashland Place,Fulton Market,2018,-87.6663,41.8806
409000,"71 W Hubbard St, 60654, Chicago, Illinois",Resi,Existing,AMLI,Stabilized,71 W Hubbard St,AMLI,River North,2013,-87.6307,41.8897
444000,"633 N Wells St, 60654, Chicago, Illinois",Resi,Existing,Magellan,Stabilized,633 N Wells St,Gallery,River North,2017,-87.6338,41.8933
148000,"1025 W Addison St, 60613, Chicago, Illinois",Resi,Existing,Bucksbaum,Lease Up,1025 W Addison St,Clark & Addison,Lakeview,2018,-87.6554,41.9471
99000,"1350 S Union Ave, 60607, Chicago, Illinois",Resi,Existing,Property Markets Group,Lease Up,1350 S Union Ave,X University Village,University Village,2018,-87.6449,41.8651
227000,"500 N Milwaukee Ave, 60654, Chicago, Illinois",Resi,Existing,Akara,Stabilized,500 N Milwaukee Ave,Kenect,River West,2016,-87.6485,41.8915
167000,"11 S Green St, 60607, Chicago, Illinois",Resi,Existing,Sy Taxman,Stabilized,11 S Green St,Gateway,Far West Loop,2015,-87.6482,41.8815
90000,"400 W. Huron St, 60654, Chicago, Illinois",Resi,Existing,Smithfield,Stabilized,400 W. Huron St,400 W Huron,River North,2017,-87.6387,41.895
135000,"1201 W Lake St, 60607, Chicago, Illinois",Office,Existing,McCaffery,Lease Up,1201 W Lake St,Twelve01West,Fulton Market,2018,-87.6573,41.885
479000,"808 S Michigan Ave, 60605, Chicago, Illinois",Resi,Existing,Oxford,Construction,808 S Michigan Ave,Essex on the Park,South Loop,2019,-87.6247,41.8715
227000,"730 W Couch Pl, 60661, Chicago, Illinois",Resi,Existing,Atlantic / Focus / Shapack,Stabilized,730 W Couch Pl,Parker,Fulton Market,2016,-87.646512,41.885308
45000,"900 W Randolph St, 60607, Chicago, Illinois",Office,Existing,Tucker,Stabilized,900 W Randolph St,Spaces,Fulton Market,2018,-87.6501,41.8846
684000,"549 West Grand Avenue, 60654, Chicago, Illinois",Resi,Existing,Draper & Kraper,Stabilized,549 W Grand Avenue,Kinzie Park,River West,2000,-87.641262,41.889893
240000,"750 N Hudson Ave, 60607, Chicago, Illinois",Resi,Existing,Onni,Stabilized,750 N Hudson Ave,Hudson,River North,2017,-87.6413,41.8963
46000,"1750 W Wrightwood Ave, 60614, Chicago, Illinois",Resi,Existing,Broder Prop.,Lease Up,1750 W Wrightwood Ave,Norweta Row,Bucktown,2018,-87.6716,41.9288
134000,"3833 N Broadway, 60613, Chicago, Illinois",Resi,Existing,DLG,Construction,3833 N Broadway,3833 Broadway,Lakeview,2019,-87.6497,41.9523
198000,"222 W Erie St, 60654, Chicago, Illinois",Resi,Existing,McCaffery,Stabilized,222 W Erie St,Flair Tower,River North,2010,-87.6355,41.8941
337000,"1140 N Wells St, 60610, Chicago, Illinois",Resi,Existing,Onni,Construction,1140 N Wells St,OldTown Park - PH II,Near North,2020,-87.6348,41.9023
398000,"340 E North Water St, 60611, Chicago, Illinois",Resi,Existing,DRW,Stabilized,340 E North Water St,North Water,Streeterville,2015,-87.619,41.8898
445000,"300 N Canal St, 60661, Chicago, Illinois",Resi,Existing,Fifield,Stabilized,300 N Canal St,Left Bank,River West,2006,-87.6403,41.8873
50000,"412 N Wells St, 60654, Chicago, Illinois",Office,Existing,Centrum,Stabilized,412 N Wells St,RxBar,River North,2018,-87.6343,41.8898
350000,"765 W Adams St, 60661, Chicago, Illinois",Resi,Existing,White Oak,Stabilized,765 W Adams St,Arkadia,Far West Loop,2015,-87.6468,41.879
230000,"800 N Clark St, 60654, Chicago, Illinois",Resi,Existing,Cedar St,Stabilized,800 N Clark St,Bush Temple,River North,2018,-87.6314,41.8967
308000,"1035 W Van Buren St, 60607, Chicago, Illinois",Resi,Existing,Related,Stabilized,1035 W Van Buren St,Landmark,Far West Loop,2017,-87.6533,41.8764
206055,"145 S Wells St, 60606, Chicago, Illinois",Office,Existing,Moceri & Roszak,Stabilized,145 S Wells St,145 S Wells,Loop,2019,-87.6334,41.8798
2500000,"222 W Merchandise Mart Plaza, 60606, Chicago, IL",Office,Existing,Vornado,Stabilized,222 W Merchandise Mart Plaza,The Mart,River North,2014,-87.636229,41.888812
1300000,"343 W Wolf Point Plaza, 60654, Chicago, Illinois",Office,Existing,Hines,Construction,343 W Wolf Point Plaza,Salesforce,River North,2024,-87.6377,41.887
188000,"740 N Aberdeen St, 60642, Chicago, Illinois",Resi,Existing,Fifield,Construction,740 N Aberdeen St,740 N Aberdeen,River West,2020,-87.6558,41.8958
240000,"50 E Randolph St, 60601, Chicago, Illinois",Resi,Existing,Moceri & Roszak,Construction,50 E Randolph St,50 E Randolph,East Loop,2021,-87.6259,41.8848
402000,"201 N Garland Ct, 60601, Chicago, Illinois",Resi,Existing,TJBC,Stabilized,201 N Garland Ct,MILA,Loop,2016,-87.6248,41.8861
97000,"800 N Milwaukee Ave, 60654, Chicago, Illinois",Resi,Existing,Steve Lipe,Construction,800 N Milwaukee Ave,800 N Milwaukee,River West,2021,-87.656,41.8964
540000,"2365 N Lincoln Ave, 60614, Chicago, Illinois",Resi,Existing,Hines / McCaffrey,Stabilized,2365 N Lincoln Ave,Lincoln Common,Lincoln Park,2019,-87.6481,41.9248
202000,"915 N Orleans St, 60610, Chicago, Illinois",Resi,Existing,Ascend,Stabilized,915 N Orleans St,Niche 905,Near North,2017,-87.6371,41.8991
848000,"555 W Kinzie St, 60654, Chicago, Illinois",Resi,Existing,Fifield,Stabilized,555 W Kinzie St,Alta,River West,2010,-87.6422,41.8887
1350000,"225 S Canal St, 60606, Chicago, Illinois",Office,Existing,RIDC,Construction,225 S Canal St,Union Station - BMO,West Loop,2022,-87.6407,41.8778
220000,"2500 N Milwaukee, 60647, Chicago, Illinois",Resi,Existing,Fifield / Nationwide,Construction,2500 N Milwaukee,Logans Crossing,Logan Square,2019,-87.7038,41.9266
158000,"111 S Peoria St, 60607, Chicago, Illinois",Resi,Existing,LG Development,Stabilized,111 S Peoria St,Illume,Far West Loop,2019,-87.6493,41.88
332000,"73 E Lake St, 60601, Chicago, Illinois",Resi,Existing,M&R,Stabilized,73 E Lake St,73 E Lake,Loop,2014,-87.6254,41.8855
58000,"61 E Banks St, 60610, Chicago, Illinois",Resi,Existing,Draper & Kraper,Stabilized,61 E Banks St,61 East Banks,Gold Coast,2019,-87.6278,41.9067
792000,"113 E Roosevelt Rd, 60605, Chicago, Illinois",Resi,Existing,Crescent Heights,Construction,113 E Roosevelt Rd,Nema Chicago,South Loop,2019,-87.6231,41.867
494000,"500 N Lake Shore Dr, 60611, Chicago, Illinois",Resi,Existing,Related,Stabilized,500 N Lake Shore Dr,500 N Lake Shore,Streeterville,2013,-87.6147,41.8915
250000,"1225 N Wells St, 60610, Chicago, Illinois",Resi,Existing,JDL,Stabilized,1225 N Wells St,1225 Old Town,Old Town,2012,-87.6341,41.9047
820000,"151 N Franklin St, 60606, Chicago, Illinois",Office,Existing,TJBC,Stabilized,151 N Franklin St,CNA,West Loop,2018,-87.6349,41.8848
70000,"1050 W Monroe St, 60607, Chicago, Illinois",Resi,Existing,Michigan Ave.,Lease Up,1050 W Monroe St,Monroe Aberdeen Place,Fulton Market,2018,-87.6534,41.8805
42000,"1111 W Washington Blvd, 60607, Chicago, Illinois",Resi,Existing,Peerless,Construction,1111 W Washington Blvd,Hayden,Fulton Market,2020,-87.6546,41.8828
44000,"900 W Washington, 60607, Chicago, Illinois",Resi,Existing,Peerless,Lease Up,900 W Washington,900 W,Fulton Market,2020,-87.6501,41.8833
282000,"900 W Huron St, 60642, Chicago, Illinois",Resi,Existing,Waterton,Stabilized,900 W Huron St,Mondial,River West,2009,-87.6505,41.8953
221000,"469 W Huron St, 60654, Chicago, Illinois",Resi,Existing,M&R,Stabilized,469 W Huron St,Parc Huron,River North,2010,-87.6412,41.8945
440000,"360 W Hubbard St, 60654, Chicago, Illinois",Resi,Existing,Habitat,Stabilized,360 W Hubbard St,Hubbard Place,River North,2013,-87.6385,41.8904
68000,"360 W Superior St, 60654, Chicago, Illinois",Resi,Existing,Ascend,Stabilized,360 W Superior St,Superior House,River North,2019,-87.6381,41.8958
1225000,"150 N Riverside Plaza, 60606, Chicago, Illinois",Office,Existing,RIDC,Stabilized,150 N Riverside Plaza,William Blair,West Loop,2016,-87.6384,41.8851
390000,"100 W Division St, 60610, Chicago, Illinois",Resi,Existing,Fifield,Stabilized,100 W Division St,Sinclair,Gold Coast,2017,-87.6309,41.9039
820915,"1 S Dearborn St, 60603, Chicago, Illinois",Office,Existing,Hines,Stabilized,1 S Dearborn St,Sidley,Loop,2005,-87.6287,41.8816
276000,"805 N LaSalle Dr, 60610, Chicago, Illinois",Resi,Existing,Smithfield,Stabilized,805 N LaSalle Dr,Eight-O-Five,Near North,2015,-87.6325,41.897
794000,"23 W Chicago Ave, 60610, Chicago, Illinois",Resi,Existing,JDL,Construction,23 W Chicago Ave,1chicago - Multi,River North,2022,-87.6294,41.8964
199000,"165 N Des Plaines St, 60661, Chicago, Illinois",Resi,Existing,Gerding Edlin,Stabilized,165 N Des Plaines St,Emme,West Loop,2017,-87.6436,41.885
132000,"1980 N Milwaukee, 60647, Chicago, Illinois",Resi,Existing,Clayco,Stabilized,1980 N Milwaukee,AM 1980,West Town,2019,-87.6886,41.9172
130000,"451 E Grand Ave, 60611, Chicago, Illinois",Resi,Existing,Related,Stabilized,451 E Grand Ave,One Bennett - Condo,Streeterville,2019,-87.6156,41.8919
265000,"215 W Lake St, 60606, Chicago, Illinois",Resi,Existing,Moceri/Rozak,Stabilized,215 W Lake St,Linea,Loop,2017,-87.6346,41.8855
1152953,"155 N Wacker Dr, 60606, Chicago, Illinois",Office,Existing,TJBC,Stabilized,155 N Wacker Dr,EY,West Loop,2009,-87.6366,41.8847
547000,"333 N Green St, 60607, Chicago, Illinois",Office,Existing,SBC,Construction,333 N Green St,WPP,Fulton Market,2020,-87.6479,41.8877
100000,"734 W Sheridan Rd, 60613, Chicago, Illinois",Resi,Existing,Vermillion,Lease Up,734 W Sheridan Rd,Viridian,Lakeview,2018,-87.6494,41.953
425000,"625 W Adams St, 60661, Chicago, Illinois",Office,Existing,White Oak,Stabilized,625 W Adams St,CDW,West Loop,2018,-87.6436,41.8786
190000,"1045 W Washington Blvd, 60607, Chicago, Illinois",Resi,Existing,Belgravia,Lease Up,1045 W Washington Blvd,CA Washington,Fulton Market,2019,-87.6539,41.8827
226000,"734 N Milwaukee Ave, 60642, Chicago, Illinois",Resi,Existing,Tandem,Stabilized,734 N Milwaukee Ave,Avenir,River West,2020,-87.6539,41.8945
254000,"1415 N Sedgwick St, 60610, Chicago, Illinois",Resi,Existing,Marc Realty,Construction,1415 N Sedgwick St,Noble Horse,Old Town,2021,-87.638,41.9081
490000,"545 N McClurg Ct, 60611, Chicago, Illinois",Resi,Existing,Golub / GID,Stabilized,545 N McClurg Ct,Moment,Streeterville,2016,-87.6177,41.8922
20000,"57 W Erie St, 60654, Chicago, Illinois",Resi,Existing,LG Development,Construction,57 W Erie St,57 W Erie,River North,2020,-87.6303,41.8938
350000,"353 N Desplaines St, 60661, Chicago, Illinois",Resi,Existing,Fifield,Stabilized,353 N Desplaines St,Echelon,River West,2008,-87.644,41.8884
82000,"676 N Kingsbury St, 60654, Chicago, Illinois",Resi,Existing,LG Development,Stabilized,676 N Kingsbury St,Ronsley,River North,2017,-87.6417,41.894
586000,"845 W Madison St, 60607, Chicago, Illinois",Resi,Existing,TJBC,Lease Up,845 W Madison St,H2O,Far West Loop,2020,-87.6491,41.8809
149000,"676 N LaSalle Dr, 60654, Chicago, Illinois",Resi,Existing,Cedar St,Lease Up,676 N LaSalle Dr,The Ardus,River North,2018,-87.633,41.8945
219000,"412 N Wells St, 60654, Chicago, Illinois",Resi,Existing,Centrum,Stabilized,412 N Wells St,Hubbard 221,River North,2017,-87.6349,41.8897
180000,"488 N LaSalle St, 60654, Chicago, Illinois",Office,Existing,CA Ventures,Construction,488 N LaSalle St,English,River North,2021,-87.6329,41.8904
41790,"1100 N Ashland Ave, 60622, Chicago, Illinois",Resi,Existing,Wicker Park Apartments,Lease Up,1100 N Ashland Ave,East Village Lofts,Noble Square,2018,-87.6675,41.9013
323000,"200 E Illinois St, 60611, Chicago, Illinois",Resi,Existing,Optima,Stabilized,200 E Illinois St,Aston,Streeterville,2013,-87.6222,41.8912
250000,"310 N Sangamon St, 60607, Chicago, Illinois",Office,Existing,Tishman,Construction,310 N Sangamon St,310 N Sangamon,Fulton Market,2020,-87.651582,41.887408
363000,"833 N Clark St, 60610, Chicago, Illinois",Resi,Existing,Lincoln / Ryan,Stabilized,833 N Clark St,Aurelien,Gold Coast,2017,-87.6309,41.8977
70000,"4 E Elm St, 60611, Chicago, Illinois",Resi,Existing,DRW,Stabilized,4 E Elm St,4 E Elm,Gold Coast,2016,-87.6285,41.9032
180000,"675 N Wells St, 60654, Chicago, Illinois",Resi,Existing,Lennar,Stabilized,675 N Wells St,Marlowe,River North,2018,-87.634,41.8946
62000,"146 W Erie St, 60654, Chicago, Illinois",Resi,Existing,Sedgwick,Stabilized,146 W Erie St,Bentham,River North,2019,-87.6331,41.8942
263000,"1361 W Lake St, 60607, Chicago, Illinois",Resi,Existing,Marquette,Stabilized,1361 W Lake St,The Mason,Fulton Market,2019,-87.6612,41.8852
218000,"210 N Carpenter St, 60607, Chicago, Illinois",Office,Existing,SBC,Stabilized,210 N Carpenter St,Vendor Village,Fulton Market,2018,-87.6539,41.8858
290000,"300 N Michigan Ave, 60601, Chicago, Illinois",Resi,Existing,Magellan / SBC,Construction,300 N Michigan Ave,Walgreens NMA,Loop,2022,-87.625,41.887
307000,"347 W Chestnut St, 60610, Chicago, Illinois",Resi,Existing,Fifield,Stabilized,347 W Chestnut St,NEXT,Near North,2016,-87.6376,41.8978
200000,"1515 W Webster Ave, 606014, Chicago, Illinois",Office,Existing,SBC,Stabilized,1515 W Webster Ave,CH Robinson,Lincoln Park,2018,-87.6665,41.9208
1173643,"353 N Clark St, 60654, Chicago, Illinois",Office,Existing,Mesirow,Stabilized,353 N Clark St,Mesirow,River North,2009,-87.6303,41.8889
656500,"167 N Green St, 60607, Chicago, Illinois",Office,Existing,Shapack,Construction,167 N Green St,CCC,Fulton Market,2020,-87.648058,41.884999
50000,"1435 N Wells St, 60610, Chicago, Illinois",Resi,Existing,LG Development,Stabilized,1435 N Wells St,1435 N Wells,Old Town,2019,-87.6343,41.9087
694000,"25 W Randolph St, 60602, Chicago, Illinois",Resi,Existing,Golub/CIM,Stabilized,25 W Randolph St,Marquee,Loop,2016,-87.6288,41.8843
59000,"2701 W Armitage, 60647, Chicago, Illinois",Resi,Existing,Eco Development,Stabilized,2701 W Armitage,2701 West Armitage,West Town,2019,-87.6911,41.9178
1300000,"110 N Wacker Dr, 60606, Chicago, Illinois",Office,Existing,RIDC,Construction,110 N Wacker Dr,Bank America,West Loop,2020,-87.6375,41.8837
496000,"365 N Halsted St, 60654, Chicago, Illinois",Resi,Existing,Fifield,Stabilized,365 N Halsted St,K2,River West,2013,-87.6468,41.8887
304800,"811 W Agatite Ave, 60640, Chicago, Illinois",Resi,Existing,JDL,Lease Up,811 W Agatite Ave,Eight Eleven Uptown,Uptown,2018,-87.6502,41.9627
484000,"220 E Illinois St, 60611, Chicago, Illinois",Resi,Existing,Optima,Stabilized,220 E Illinois St,Optima,Streeterville,2017,-87.6215,41.891
191000,"930 W Altgeld St, 60614, Chicago, Illinois",Resi,Existing,Baker Development,Lease Up,930 W Altgeld St,Elevate,Lincoln Park,2018,-87.652,41.9271
148000,"808 W Van Buren St, 60661, Chicago, Illinois",Resi,Existing,Loukas,Construction,808 W Van Buren St,808 Van Buren,Far West Loop,2020,-87.6474,41.8768
223000,"123 N Des Plaines St, 60661, Chicago, Illinois",Resi,Existing,Marquette,Stabilized,123 N Des Plaines St,Catalyst,West Loop,2014,-87.6439,41.8837
69000,"301 W North Ave, 60610, Chicago, Illinois",Resi,Existing,Sedgwick,Stabilized,301 W North Ave,301 North,Old Town,2019,-87.6375,41.911
216000,"1164 W Madison St, 60607, Chicago, Illinois",Resi,Existing,Ascend,Stabilized,1164 W Madison St,Madison/Racine,West Loop,2014,-87.6572,41.8819
363000,"1001 W Chicago Ave, 60642, Chicago, Illinois",Resi,Existing,Bond Companies,Stabilized,1001 W Chicago Ave,Spoke,River West,2017,-87.653,41.896
531190,"1000 W Fulton Market, 60607, Chicago, Illinois",Office,Existing,SBC,Stabilized,1000 W Fulton Market,Google,Fulton Market,2015,-87.652738,41.886858
410000,"520 N Kingsbury St, 60654, Chicago, Illinois",Resi,Existing,Habitat,Stabilized,520 N Kingsbury St,Kingsbury Plaza,River North,2007,-87.6403,41.8911
150000,"23 W Chicago Ave, 60610, Chicago, Illinois",Resi,Existing,JDL,Construction,23 W Chicago Ave,1chicago - Condo,River North,2022,-87.6285,41.8958
367000,"845 N State St, 60610, Chicago, Illinois",Resi,Existing,Newcastle,Stabilized,845 N State St,State & Chestnut,Gold Coast,2015,-87.6285,41.8981
251000,"640 N Wells St, 60654, Chicago, Illinois",Resi,Existing,JDL,Stabilized,640 N Wells St,640 Wells,River North,2017,-87.6346,41.8934
481000,"345 E Ohio St, 60611, Chicago, Illinois",Resi,Existing,Golub,Stabilized,345 E Ohio St,Streeter,Streeterville,2006,-87.619,41.8923
149000,"922 W Washington Blvd, 60607, Chicago, Illinois",Resi,Existing,Atlantic / Focus,Stabilized,922 W Washington Blvd,Circa 922,Fulton Market,2015,-87.6507,41.8834
395733,"One S Halsted St, 60661, Chicago, Illinois",Resi,Existing,Fifield,Lease Up,One S Halsted St,One S Halsted,Far West Loop,2018,-87.6469,41.8813
75000,"171 N Aberdeen St, 60607, Chicago, Illinois",Resi,Existing,MCZ,Lease Up,171 N Aberdeen St,Quarters,Fulton Market,2018,-87.6542,41.8851
400000,"800 W Fulton Market, 60607, Chicago, Illinois",Office,Existing,Thor,Construction,800 W Fulton Market,Thor,Fulton Market,2020,-87.6481,41.8871
480000,"355 E Ohio St, 60611, Chicago, Illinois",Resi,Existing,Golub,Stabilized,355 E Ohio St,Atwater,Streeterville,2009,-87.618,41.8921
98000,"328 N Carpenter St, 60607, Chicago, Illinois",Office,Existing,Murphy,Construction,328 N Carpenter St,328 N Carpenter St,Fulton Market,2020,-87.6537,41.8874
